,Glucose,Glucose,Glucose,BMI,BMI,BMI,Age,Age,Age
,mean,median,sum,mean,median,sum,mean,median,sum
Outcome,,,,,,,,,
0,109.98,107,54990,30.30419999999996,30.05,15152.09999999998,31.19,27,15595
1,141.25746268656715,140,37857,35.14253731343278,34.25,9418.199999999986,37.06716417910448,36,9934
